<?xml version="1.0" encoding="UTF-8"?>
<schemalist gettext-domain="workspace-switcher-manager">
  <schema id="org.gnome.shell.extensions.workspace-switcher-manager" path="/org/gnome/shell/extensions/workspace-switcher-manager/">
    <key type="i" name="active-prefs-page">
      <default>0</default>
    </key>
    <key type="i" name="horizontal">
      <default>50</default>
    </key>
    <key type="i" name="vertical">
      <default>50</default>
    </key>
    <key type="b" name="hide">
      <default>false</default>
    </key>
    <key type="i" name="popup-mode">
      <default>0</default>
    </key>
    <key type="i" name="monitor">
      <default>0</default>
    </key>
    <key type="b" name="ws-wraparound">
      <default>false</default>
    </key>
    <key type="b" name="ws-ignore-last">
      <default>false</default>
    </key>
    <key type="i" name="font-scale">
      <default>100</default>
    </key>
    <key type="i" name="index-scale">
      <default>100</default>
    </key>
    <key type="b" name="wrap-app-names">
      <default>true</default>
    </key>
    <key type="b" name="text-shadow">
      <default>false</default>
    </key>
    <key type="b" name="text-bold">
      <default>true</default>
    </key>
    <key type="i" name="on-screen-time">
      <default>600</default>
    </key>
    <key type="i" name="fade-out-time">
      <default>500</default>
    </key>
    <key type="i" name="popup-scale">
      <default>100</default>
    </key>
    <key type="i" name="popup-width-scale">
      <default>100</default>
    </key>
    <key type="i" name="popup-spacing-scale">
      <default>100</default>
    </key>
    <key type="i" name="popup-radius-scale">
      <default>100</default>
    </key>
    <key type="i" name="popup-padding-scale">
      <default>100</default>
    </key>
    <key type="b" name="allow-custom-colors">
      <default>false</default>
    </key>
    <key type="i" name="popup-opacity">
      <default>90</default>
    </key>
    <key type="s" name="popup-bg-color">
      <default>''</default>
    </key>
    <key type="s" name="popup-border-color">
      <default>''</default>
    </key>
    <key type="s" name="popup-active-fg-color">
      <default>''</default>
    </key>
    <key type="s" name="popup-active-bg-color">
      <default>''</default>
    </key>
    <key type="s" name="popup-inactive-fg-color">
      <default>''</default>
    </key>
    <key type="s" name="popup-inactive-bg-color">
      <default>''</default>
    </key>
    <key type="as" name="default-colors">
      <default>[]</default>
    </key>
    <key type="b" name="active-show-ws-index">
      <default>true</default>
    </key>
    <key type="b" name="active-show-ws-name">
      <default>false</default>
    </key>
    <key type="b" name="active-show-app-name">
      <default>true</default>
    </key>
    <key type="b" name="active-show-win-title">
      <default>false</default>
    </key>
    <key type="b" name="inactive-show-ws-index">
      <default>true</default>
    </key>
    <key type="b" name="inactive-show-ws-name">
      <default>false</default>
    </key>
    <key type="b" name="inactive-show-app-name">
      <default>true</default>
    </key>
    <key type="b" name="inactive-show-win-title">
      <default>false</default>
    </key>
    <key type="b" name="modifiers-hide-popup">
      <default>false</default>
    </key>
    <key type="b" name="reverse-popup-orientation">
      <default>false</default>
    </key>
    <key type="b" name="vertical-overview">
      <default>false</default>
    </key>
    <key type="b" name="reverse-ws-orientation">
      <default>false</default>
    </key>
  </schema>
</schemalist>
