{
  "_generated": "Generated by SweetTooth, do not edit",
  "description": "Makes all the windows in the overview the same height and orders them by last recent used.",
  "name": "Cleaner Overview",
  "shell-version": [
    "3.34",
    "3.32",
    "3.36",
    "3.38",
    "40",
    "41",
    "42"
  ],
  "url": "https://github.com/gonzaarcr/touchpad-window-switcher-gnome-ext/blob/master/touchpad_window_switcher%40gonza.com/overviewCleaner.js",
  "uuid": "overview_cleaner@gonza.com",
  "version": 4
}