{
  "_generated": "Generated by SweetTooth, do not edit",
  "description": "Make the workspace switcher popup useful! Customize your workspace switcher behavior and the content, dimensions, position, orientation and colors of its popup indicator.\n\n- all GNOME workspace related options at one place\n- allows to switch workspaces orientation to horizontal or vertical\n- adds workspace switcher 'Wraparoud' and 'Ignore Last (empty) Workspace' options\n- allows to disable or customize switcher popup\n- allows adding content to the workspace switcher popup - Workspace Name, Current Application Name, Workspace Index\n- workspace switcher popup appearance customization includes position on screen, timings, size, colors , orientation.\n\nPlease, report bugs on the GitHub page linked below.",
  "gettext-domain": "workspace-switcher-manager",
  "name": "Workspace Switcher Manager",
  "settings-schema": "org.gnome.shell.extensions.workspace-switcher-manager",
  "shell-version": [
    "3.36",
    "3.38",
    "40",
    "41",
    "42",
    "43"
  ],
  "url": "https://github.com/G-dH/workspace-switcher-manager",
  "uuid": "workspace-switcher-manager@G-dH.github.com",
  "version": 9
}