{
  "_generated": "Generated by SweetTooth, do not edit",
  "description": "A status menu for accessing and unmounting removable devices.",
  "extension-id": "drive-menu",
  "gettext-domain": "gnome-shell-extension-drive-menu",
  "name": "Removable Drive Menu",
  "settings-schema": "org.gnome.shell.extensions.drive-menu",
  "shell-version": [
    "44"
  ],
  "url": "https://gitlab.gnome.org/GNOME/gnome-shell-extensions",
  "uuid": "drive-menu@gnome-shell-extensions.gcampax.github.com",
  "version": 53
}