{
  "_generated": "Generated by SweetTooth, do not edit",
  "description": "This extension aims to make Gnome Shell easier to navigate using only the keyboard. It is inspired by the vim plugins of Firefox and Chrome.",
  "name": "Overview Navigation",
  "settings-schema": "org.gnome.shell.extensions.overview-navigation",
  "shell-version": [
    "42"
  ],
  "url": "https://github.com/nathanielsimard/overview-navigation",
  "uuid": "overview-navigation@nathanielsimard.github.com",
  "version": 17
}