{
  "_generated": "Generated by SweetTooth, do not edit",
  "description": "Adds an eye to the indicator bar that follows your cursor \nYou can also display the mouse indicator, perhaps it will help you with the problem of displaying the mouse cursor in Skype",
  "gettext-domain": "EyeExtended",
  "name": "Eye and Mouse Extended",
  "settings-schema": "kz.als.eye-extended",
  "shell-version": [
    "3.36.0",
    "3.38.0",
    "40",
    "41",
    "42"
  ],
  "url": "https://github.com/alexeylovchikov/eye-extended-shell-extension",
  "uuid": "eye-extended@als.kz",
  "version": 10
}