{
  "_generated": "Generated by SweetTooth, do not edit",
  "description": "Move applications to specific workspaces when they create windows.",
  "extension-id": "auto-move-windows",
  "gettext-domain": "gnome-shell-extension-auto-move-windows",
  "name": "Auto Move Windows",
  "original-authors": [
    "alessandro.crismani@gmail.com",
    "thomas.bouffon@gmail.com"
  ],
  "settings-schema": "org.gnome.shell.extensions.auto-move-windows",
  "shell-version": [
    "44"
  ],
  "url": "https://gitlab.gnome.org/GNOME/gnome-shell-extensions",
  "uuid": "auto-move-windows@gnome-shell-extensions.gcampax.github.com",
  "version": 51
}