{
  "_generated": "Generated by SweetTooth, do not edit",
  "description": "Add the ability to switch between windows and applications using vim-like keypresses (h, j, k, l)",
  "extension-id": "vim-alttab",
  "gettext-domain": "gnome-shell-extensions",
  "name": "VIM Alt-Tab",
  "original-authors": [
    "jw@bargsten.org",
    "thomas.bouffon@gmail.com",
    "koko@kokong.info"
  ],
  "settings-schema": "org.gnome.shell.extensions.vim-alttab",
  "shell-version": [
    "3.34",
    "3.36",
    "3.38",
    "40",
    "41",
    "42",
    "43"
  ],
  "url": "https://github.com/koko-ng/vim-altTab",
  "uuid": "vim-altTab@kokong.info",
  "version": 7
}