{
  "_generated": "Generated by SweetTooth, do not edit",
  "description": "Unmute the microphone only when you have something to say.\n\nthis gnome-shell extension always keeps your microphone muted, unless you actually have something to say.\n\ntl;dr:\n\nmicrophone icon in the top bar, only visible when recording is active\none-click mute/unmute using the icon\nkeyboard shortcut to mute/unmute, with push-to-talk\nosd and sound notifications for microphone events\n\nDO NOT REPORT ISSUES HERE. USE GITHUB",
  "name": "Nothing to say",
  "settings-schema": "org.gnome.shell.extensions.nothing-to-say",
  "shell-version": [
    "40",
    "41",
    "42",
    "3.36.9"
  ],
  "url": "https://github.com/wbolster/nothing-to-say",
  "uuid": "nothing-to-say@extensions.gnome.wouter.bolsterl.ee",
  "version": 16
}