<?xml version="1.0" encoding="UTF-8"?>
<schemalist>
	<schema id="org.gnome.shell.extensions.gnome-ui-tune" path="/org/gnome/shell/extensions/gnome-ui-tune/">
		<key name="hide-search" type="b">
			<default>true</default>
			<summary>Hide search input</summary>
			<description>Hide search input on overview screen. Search input will be shown when user starts to type-to-search.</description>
		</key>
		<key name="increase-thumbnails-size" type="b">
			<default>true</default>
			<summary>Increase thumbnails size</summary>
			<description>Increases thumbnails size twice to make them actually usable.</description>
		</key>
		<key name="restore-thumbnails-background" type="b">
			<default>true</default>
			<summary>Restore thumbnails background</summary>
			<description>Use desktop wallpaper for thumbnails background instead of solid grey color.</description>
		</key>
		<key name="always-show-thumbnails" type="b">
			<default>true</default>
			<summary>Always show thumbnails</summary>
			<description>Show workspaces' thumbnails even when there is only single workspace.</description>
		</key>
		<key name="overview-firefox-pip" type="b">
			<default>true</default>
			<summary>Show firefox's Picture-In-Picture window in desktop overview</summary>
			<description>By default, firefox's PiP window (for instance, extracted media player) is not displayed in overview. Fix it.</description>
		</key>
	</schema>
</schemalist>
